experiment,strategy,runs,median_s,partitions
baseline,initial_partitioning,"[0.6598509170580655, 0.22410812485031784, 0.20658574998378754]",0.22410812485031784,8.0
partition_count,repartition,"[1.0696400001179427, 1.1094967499375343, 1.311387832975015]",1.1094967499375343,1.0
partition_count,repartition,"[1.6506741249468178, 1.5104540409520268, 1.5101154590956867]",1.5104540409520268,4.0
partition_count,repartition,"[1.7986014590132982, 1.3920556670054793, 1.4084817909169942]",1.4084817909169942,8.0
partition_count,repartition,"[2.360935000004247, 1.6120898749213666, 1.7762405420653522]",1.7762405420653522,50.0
partition_count,repartition,"[2.8296851669438183, 3.1635471251793206, 2.7221062500029802]",2.8296851669438183,200.0
repartition_vs_coalesce,repartition,"[1.5179856249596924, 1.2259569170419127, 1.1608808340970427]",1.2259569170419127,4.0
repartition_vs_coalesce,coalesce,"[0.1975699169561267, 0.15953058400191367, 0.1581452079117298]",0.15953058400191367,4.0
cache,without_cache,"[0.6635478748939931, 0.30612912494689226, 0.277592167025432]",0.30612912494689226,
cache,cache_materialization,[3.975602249847725],3.975602249847725,
cache,with_cache_reuse,"[0.5093681248836219, 0.5287222920451313, 0.5169097080361098]",0.5169097080361098,
join_strategy,sort_merge_join,"[1.2592147500254214, 1.304812999907881, 1.303884583991021]",1.303884583991021,
join_strategy,broadcast_hash_join,"[0.3434565830975771, 0.2203832499217242, 0.29820499988272786]",0.29820499988272786,
physical_partitioning,without_partitionBy,"[0.10418083285912871, 0.07150399987585843, 0.1258579578716308]",0.10418083285912871,
physical_partitioning,partitionBy,"[0.05955041688866913, 0.04436412500217557, 0.04684249986894429]",0.04684249986894429,
